feature,concordance_index,concordance_index_std,p_value,fit_ok,kept,cluster_id,drop_reason
original_shape_Elongation,0.3750261969996128,0.05925585944759802,0.9473609637343159,True,False,23.0,cut_by_max_features
original_shape_Flatness,0.5596942287966697,0.1173786609462451,0.3349122808597095,True,True,24.0,kept
original_shape_LeastAxisLength,0.5682223386857708,0.10985871069242648,0.27426057560043415,True,True,32.0,kept
original_shape_MajorAxisLength,0.5032675510323228,0.10592692900823018,0.6595805128325605,True,False,30.0,cut_by_max_features
original_shape_Maximum2DDiameterColumn,0.5244757033947031,0.09763577401242056,0.5304716769356681,True,True,28.0,kept
original_shape_Maximum2DDiameterRow,0.5225938752206213,0.12977951566655913,0.30835033639253473,True,True,31.0,kept
original_shape_Maximum2DDiameterSlice,0.4782661012876514,0.06760782781777785,0.6576931935073911,True,False,29.0,cut_by_max_features
original_shape_Maximum3DDiameter,0.43948262824190165,0.09759887036193374,0.47165941016919066,True,False,28.0,redundant_with_original_shape_Maximum2DDiameterColumn
original_shape_MeshVolume,0.47394334642848746,0.11184032365497797,0.5026110598056851,True,False,32.0,redundant_with_original_shape_LeastAxisLength
original_shape_MinorAxisLength,0.43371987316265653,0.11462894341175206,0.6872032741288293,True,False,31.0,redundant_with_original_shape_Maximum2DDiameterRow
original_shape_Sphericity,0.4437476353996005,0.11672258058207927,0.8498932141800474,True,False,1.0,cut_by_max_features
original_shape_SurfaceArea,0.525136906366541,0.1225189473048725,0.38472158804045187,True,False,32.0,redundant_with_original_shape_LeastAxisLength
original_shape_SurfaceVolumeRatio,0.5281378585360924,0.1341290630290852,0.59480328120987,True,True,33.0,kept
original_shape_VoxelVolume,0.47168345942283774,0.11282778579154833,0.5043153995940578,True,False,32.0,redundant_with_original_shape_LeastAxisLength
original_firstorder_10Percentile,0.4402482811890759,0.06653438881145841,0.5103438594886867,True,False,13.0,cut_by_max_features
original_firstorder_90Percentile,0.4461480472674791,0.0918474253466658,0.3348262598938925,True,False,15.0,redundant_with_original_gldm_SmallDependenceHighGrayLevelEmphasis
original_firstorder_Energy,0.5061410704958544,0.11845054696074944,0.3577532001824387,True,False,12.0,redundant_with_original_firstorder_TotalEnergy
original_firstorder_Entropy,0.5031248076989903,0.1305740832849744,0.41053358449922317,True,False,8.0,redundant_with_original_glcm_DifferenceAverage
original_firstorder_InterquartileRange,0.48312470108736677,0.1423776792100068,0.31169455422956965,True,False,8.0,redundant_with_original_glcm_DifferenceAverage
original_firstorder_Kurtosis,0.45243557601993195,0.07113542983567694,0.9309094738868224,True,False,18.0,cut_by_max_features
original_firstorder_Maximum,0.5151472428934587,0.048897221173936946,0.30980184467116606,True,False,16.0,redundant_with_original_firstorder_Range
original_firstorder_MeanAbsoluteDeviation,0.4942353145322452,0.13320620766076957,0.28312922137973306,True,False,8.0,redundant_with_original_glcm_DifferenceAverage
original_firstorder_Mean,0.43410302230246484,0.07754794462640806,0.37770945789536614,True,False,15.0,redundant_with_original_gldm_SmallDependenceHighGrayLevelEmphasis
original_firstorder_Median,0.43252868066002714,0.08386409243900478,0.3831995701392443,True,False,15.0,redundant_with_original_gldm_SmallDependenceHighGrayLevelEmphasis
original_firstorder_Minimum,0.530039632964102,0.12482059877550358,0.46548641590576156,True,True,2.0,kept
original_firstorder_Range,0.5293419136497793,0.06974559266654276,0.26627402502795733,True,True,16.0,kept
original_firstorder_RobustMeanAbsoluteDeviation,0.48669873944902886,0.13582989800237988,0.30868816122825227,True,False,8.0,redundant_with_original_glcm_DifferenceAverage
original_firstorder_RootMeanSquared,0.44050750619552215,0.08332379851025812,0.36323817483059007,True,False,15.0,redundant_with_original_gldm_SmallDependenceHighGrayLevelEmphasis
original_firstorder_Skewness,0.557836361687835,0.07296484032549837,0.3311231793064101,True,True,19.0,kept
original_firstorder_TotalEnergy,0.5177267238598153,0.10507970320579244,0.40510977761040634,True,True,12.0,kept
original_firstorder_Uniformity,0.42168193387340286,0.09303615983223182,0.5668554591381169,True,False,8.0,redundant_with_original_glcm_DifferenceAverage
original_firstorder_Variance,0.49878893633791926,0.13118600306697675,0.1784732659508572,True,False,8.0,redundant_with_original_glcm_DifferenceAverage
original_glcm_Autocorrelation,0.4534936056377206,0.10284240486188724,0.23013066683926378,True,False,15.0,redundant_with_original_gldm_SmallDependenceHighGrayLevelEmphasis
original_glcm_ClusterProminence,0.5093789397382736,0.12783042297162026,0.1301275387137617,True,False,8.0,redundant_with_original_glcm_DifferenceAverage
original_glcm_ClusterShade,0.40737144188837837,0.15232155875862208,0.14489989281664048,True,False,17.0,cut_by_max_features
original_glcm_ClusterTendency,0.480332325271546,0.13537116382806316,0.21467620048858735,True,False,8.0,redundant_with_original_glcm_DifferenceAverage
original_glcm_Contrast,0.5219656053405091,0.15892395631420295,0.1638731075257981,True,False,8.0,redundant_with_original_glcm_DifferenceAverage
original_glcm_Correlation,0.4844669738797869,0.1071284191494668,0.7517539270091921,True,False,3.0,cut_by_max_features
original_glcm_DifferenceAverage,0.5408511032263772,0.16948228096393606,0.269270594217,True,True,8.0,kept
original_glcm_DifferenceEntropy,0.5195504557774756,0.14343264830760405,0.4999738040320245,True,False,8.0,redundant_with_original_glcm_DifferenceAverage
original_glcm_DifferenceVariance,0.5106256035216454,0.13383110741835225,0.16060868655819033,True,False,8.0,redundant_with_original_glcm_DifferenceAverage
original_glcm_Id,0.4074376814133516,0.13571222656750248,0.5675179879652501,True,False,5.0,redundant_with_original_glszm_SmallAreaEmphasis
original_glcm_Idm,0.4012950117921303,0.1296682958130886,0.6285691642099602,True,False,5.0,redundant_with_original_glszm_SmallAreaEmphasis
original_glcm_Idmn,0.46333801873391944,0.14411547373460695,0.7720263404330343,True,False,20.0,cut_by_max_features
original_glcm_Idn,0.40137179033458725,0.12131407447848307,0.7659814508133787,True,False,20.0,redundant_with_original_glcm_Idmn
original_glcm_Imc1,0.3591993300869261,0.10550666643373324,0.8312564363846631,True,False,10.0,redundant_with_original_glrlm_GrayLevelNonUniformity
original_glcm_Imc2,0.36398636832843023,0.0980914972702168,0.8395092875795466,True,False,10.0,redundant_with_original_glrlm_GrayLevelNonUniformity
original_glcm_InverseVariance,0.38924951284527964,0.1362129429977406,0.5932405266131884,True,False,5.0,redundant_with_original_glszm_SmallAreaEmphasis
original_glcm_JointAverage,0.4809747378467743,0.11324853330388354,0.292843853057843,True,False,15.0,redundant_with_original_gldm_SmallDependenceHighGrayLevelEmphasis
original_glcm_JointEnergy,0.45518070073049505,0.08710903713740549,0.5951722327726141,True,False,7.0,redundant_with_original_glcm_JointEntropy
original_glcm_JointEntropy,0.5052143071987518,0.06970384811231964,0.35459509164584413,True,False,7.0,cut_by_max_features
original_glcm_MCC,0.46267631711614277,0.08157670317385951,0.69000488472828,True,False,4.0,cut_by_max_features
original_glcm_MaximumProbability,0.46097683329617656,0.0862871994517683,0.5919275474902019,True,False,7.0,redundant_with_original_glcm_JointEntropy
original_glcm_SumAverage,0.4809747378467743,0.11324853330388354,0.29284385305784194,True,False,15.0,redundant_with_original_gldm_SmallDependenceHighGrayLevelEmphasis
original_glcm_SumEntropy,0.48923439837963106,0.13060547565341696,0.45608755054460015,True,False,8.0,redundant_with_original_glcm_DifferenceAverage
original_glcm_SumSquares,0.5036960326943383,0.14340898710424863,0.19169718677405584,True,False,8.0,redundant_with_original_glcm_DifferenceAverage
original_gldm_DependenceEntropy,0.49391639216010574,0.07464177575311938,0.2034877568360647,True,False,25.0,redundant_with_original_glszm_ZoneEntropy
original_gldm_DependenceNonUniformity,0.5491194612720488,0.13005005114744475,0.2238661966296888,True,True,26.0,kept
original_gldm_DependenceNonUniformityNormalized,0.4130163728031695,0.0915180844964882,0.74663821091701,True,False,5.0,redundant_with_original_glszm_SmallAreaEmphasis
original_gldm_DependenceVariance,0.39694830213783866,0.10862384449242277,0.7259405923206161,True,False,5.0,redundant_with_original_glszm_SmallAreaEmphasis
original_gldm_GrayLevelNonUniformity,0.5353281761963974,0.16448492067228068,0.3498086479539875,True,False,10.0,redundant_with_original_glrlm_GrayLevelNonUniformity
original_gldm_GrayLevelVariance,0.49878893633791926,0.13118600306697675,0.17855006941234505,True,False,8.0,redundant_with_original_glcm_DifferenceAverage
original_gldm_HighGrayLevelEmphasis,0.45863725189763427,0.09776516480599239,0.229635511975519,True,False,15.0,redundant_with_original_gldm_SmallDependenceHighGrayLevelEmphasis
original_gldm_LargeDependenceEmphasis,0.40932158612360825,0.09954929940935232,0.8241457768150638,True,False,5.0,redundant_with_original_glszm_SmallAreaEmphasis
original_gldm_LargeDependenceHighGrayLevelEmphasis,0.42216007395014066,0.06561539976442028,0.41152942763653144,True,False,21.0,cut_by_max_features
original_gldm_LargeDependenceLowGrayLevelEmphasis,0.3875513341163713,0.046669952269917964,0.962057847359797,True,False,14.0,redundant_with_original_glszm_LargeAreaLowGrayLevelEmphasis
original_gldm_LowGrayLevelEmphasis,0.5397597198065485,0.11669604346642728,0.6296660012792855,True,False,11.0,redundant_with_original_glszm_SmallAreaLowGrayLevelEmphasis
original_gldm_SmallDependenceEmphasis,0.4130142725825984,0.0788833244598666,0.8921537714313843,True,False,5.0,redundant_with_original_glszm_SmallAreaEmphasis
original_gldm_SmallDependenceHighGrayLevelEmphasis,0.48988967601518246,0.106453046647437,0.24493993394324537,True,False,15.0,cut_by_max_features
original_gldm_SmallDependenceLowGrayLevelEmphasis,0.5609556325285208,0.09326706513107508,0.2627837703731808,True,False,11.0,redundant_with_original_glszm_SmallAreaLowGrayLevelEmphasis
original_glrlm_GrayLevelNonUniformity,0.5372382261777819,0.16026942618007456,0.34091369818632933,True,True,10.0,kept
original_glrlm_GrayLevelNonUniformityNormalized,0.4258683278664114,0.0947916108919937,0.5684807482430125,True,False,8.0,redundant_with_original_glcm_DifferenceAverage
original_glrlm_GrayLevelVariance,0.4998198641729708,0.13302173197812275,0.17849951089486527,True,False,8.0,redundant_with_original_glcm_DifferenceAverage
original_glrlm_HighGrayLevelRunEmphasis,0.4571563072102163,0.10088074817870721,0.22963232816598916,True,False,15.0,redundant_with_original_gldm_SmallDependenceHighGrayLevelEmphasis
original_glrlm_LongRunEmphasis,0.37316879652481844,0.06368017236548652,0.9471773746715789,True,False,5.0,redundant_with_original_glszm_SmallAreaEmphasis
original_glrlm_LongRunHighGrayLevelEmphasis,0.4527519821392828,0.09409504890738861,0.2256306584317368,True,False,15.0,redundant_with_original_gldm_SmallDependenceHighGrayLevelEmphasis
original_glrlm_LongRunLowGrayLevelEmphasis,0.46248223536797817,0.12454276423014606,0.6865225342958592,True,False,11.0,redundant_with_original_glszm_SmallAreaLowGrayLevelEmphasis
original_glrlm_LowGrayLevelRunEmphasis,0.5406519848333767,0.11628242292444013,0.6032069300620022,True,False,11.0,redundant_with_original_glszm_SmallAreaLowGrayLevelEmphasis
original_glrlm_RunEntropy,0.5028428729079947,0.12834431991834372,0.3541507329912864,True,False,8.0,redundant_with_original_glcm_DifferenceAverage
original_glrlm_RunLengthNonUniformity,0.5536360087680918,0.15830556182750244,0.2586100149605402,True,True,27.0,kept
original_glrlm_RunLengthNonUniformityNormalized,0.4143410951150862,0.09580948016887728,0.8228908319784911,True,False,5.0,redundant_with_original_glszm_SmallAreaEmphasis
original_glrlm_RunPercentage,0.3821006382737576,0.06264571048037079,0.853679410155944,True,False,5.0,redundant_with_original_glszm_SmallAreaEmphasis
original_glrlm_RunVariance,0.372993981334946,0.06305503502800494,0.9569294065649685,True,False,5.0,redundant_with_original_glszm_SmallAreaEmphasis
original_glrlm_ShortRunEmphasis,0.38581072965340946,0.06657473020492982,0.8733036296539098,True,False,5.0,redundant_with_original_glszm_SmallAreaEmphasis
original_glrlm_ShortRunHighGrayLevelEmphasis,0.4605076547385688,0.10172177897543569,0.23033961639033174,True,False,15.0,redundant_with_original_gldm_SmallDependenceHighGrayLevelEmphasis
original_glrlm_ShortRunLowGrayLevelEmphasis,0.5429515189794764,0.11531842552845263,0.5850447705149087,True,False,11.0,redundant_with_original_glszm_SmallAreaLowGrayLevelEmphasis
original_glszm_GrayLevelNonUniformity,0.5502924203410161,0.1572725383510048,0.29655850009874285,True,False,27.0,redundant_with_original_glrlm_RunLengthNonUniformity
original_glszm_GrayLevelNonUniformityNormalized,0.4311072742585161,0.09246305210454966,0.5548407448933272,True,False,8.0,redundant_with_original_glcm_DifferenceAverage
original_glszm_GrayLevelVariance,0.5118035590919892,0.1250732962276804,0.1756569441730662,True,False,8.0,redundant_with_original_glcm_DifferenceAverage
original_glszm_HighGrayLevelZoneEmphasis,0.45990681800230704,0.09063785200467254,0.22894139736428604,True,False,15.0,redundant_with_original_gldm_SmallDependenceHighGrayLevelEmphasis
original_glszm_LargeAreaEmphasis,0.38927779206336305,0.10664965189819049,0.7967670077935194,True,False,5.0,redundant_with_original_glszm_SmallAreaEmphasis
original_glszm_LargeAreaHighGrayLevelEmphasis,0.472446393587469,0.11554377857629776,0.7448625376577049,True,False,22.0,cut_by_max_features
original_glszm_LargeAreaLowGrayLevelEmphasis,0.4378049563792743,0.08327811331199321,0.9282539289025123,True,False,14.0,cut_by_max_features
original_glszm_LowGrayLevelZoneEmphasis,0.5366641828372531,0.09339378015438343,0.36604671764902896,True,False,11.0,redundant_with_original_glszm_SmallAreaLowGrayLevelEmphasis
original_glszm_SizeZoneNonUniformity,0.5333239792949332,0.1293934953795567,0.2521352096331419,True,False,26.0,redundant_with_original_gldm_DependenceNonUniformity
original_glszm_SizeZoneNonUniformityNormalized,0.44241202872378127,0.10185078815197102,0.9896616911354812,True,False,5.0,redundant_with_original_glszm_SmallAreaEmphasis
original_glszm_SmallAreaEmphasis,0.44595482908130235,0.09981145063429712,0.9455069822837631,True,False,5.0,cut_by_max_features
original_glszm_SmallAreaHighGrayLevelEmphasis,0.47315922413440975,0.1045749101123332,0.2383195036866592,True,False,15.0,redundant_with_original_gldm_SmallDependenceHighGrayLevelEmphasis
original_glszm_SmallAreaLowGrayLevelEmphasis,0.570642765729905,0.06631085553281606,0.20340631924586514,True,True,11.0,kept
original_glszm_ZoneEntropy,0.5325423103810019,0.10327871362827035,0.10747304311263914,True,True,25.0,kept
original_glszm_ZonePercentage,0.3901479458081303,0.0663405257504667,0.8826733922027264,True,False,5.0,redundant_with_original_glszm_SmallAreaEmphasis
original_glszm_ZoneVariance,0.3874062250621004,0.10940658221355472,0.7886508820513377,True,False,5.0,redundant_with_original_glszm_SmallAreaEmphasis
original_ngtdm_Busyness,0.4581775896177655,0.16724137204991266,0.6382614275857268,True,False,9.0,redundant_with_original_ngtdm_Strength
original_ngtdm_Coarseness,0.5457076070672432,0.13628457632804178,0.2711997018381127,True,False,27.0,redundant_with_original_glrlm_RunLengthNonUniformity
original_ngtdm_Complexity,0.4950568828609607,0.10060992187644861,0.1640906332647062,True,False,16.0,redundant_with_original_firstorder_Range
original_ngtdm_Contrast,0.4777159871229344,0.15509293754806322,0.542583174257941,True,False,6.0,cut_by_max_features
original_ngtdm_Strength,0.5083994100801295,0.15623664715225644,0.4917306375141186,True,False,9.0,cut_by_max_features
